species,limit,n_records
Abies amabilis,50000,348
Abies balsamea,50000,5587
Abies bracteata,50000,96
Abies concolor,50000,2989
Abies fraseri,50000,304
Abies grandis,50000,5350
Abies lasiocarpa,50000,1233
Abies magnifica,50000,303
Abies procera,50000,1634
Abutilon eremitopetalum,50000,2
Abutilon incanum,50000,652
Abutilon menziesii,50000,12
Abutilon sandwicense,50000,7
Acacia amentacea,50000,45
Acacia aneura,50000,10154
Acacia auriculiformis,50000,4073
Acacia confusa,50000,709
Acacia koa,50000,201
Acacia koaia,50000,20
Acacia rigidula,50000,196
Acaciella angustissima,50000,3982
Acanthocereus tetragonus,50000,903
Acer circinatum,50000,3557
Acer drummondi,50000,0
Acer floridanum,50000,308
Acer glabrum,50000,5383
Acer grandidentatum,50000,765
Acer leucoderme,50000,147
Acer macrophyllum,50000,6425
Acer negundo,50000,38050
Acer nigrum,50000,987
Acer pensylvanicum,50000,4115
Acer platanoides,50000,50000
Acer rubrum,50000,11435
Acer saccharinum,50000,5834
Acer saccharum,50000,7522
Acer spicatum,50000,3133
Achillea millefolium,50000,50000
Achyranthes mutica,50000,3
Achyranthes splendens,50000,15
Acorus calamus,50000,37413
Acrostichum aureum,50000,1954
Acrostichum danaeifolium,50000,989
Adenophorus epigaeus,50000,5
Adenophorus periens,50000,1
Adenostemma viscosum,50000,415
Adenostoma sparsifolium,50000,552
Adiantum capillus-veneris,50000,17519
Aegilops ventricosa,50000,1056
Aeschynomene indica,50000,3669
Aesculus californica,50000,3729
Aesculus flava,50000,406
Aesculus glabra,50000,1214
Aesculus parviflora,50000,373
Aesculus pavia,50000,1998
Aesculus sylvatica,50000,221
Agave albomarginata,50000,41
Agave americana,50000,10708
Agave applanata,50000,111
Agave chrysantha,50000,214
Agave deserti,50000,1272
Agave lechuguilla,50000,777
Agave mckelveyana,50000,91
Agave palmeri,50000,738
Agave parryi,50000,743
Agave parviflora,50000,47
Agave schottii,50000,186
Agave shawii,50000,679
Agave simplex,50000,84
Agave toumeyana,50000,51
Agave univittata,50000,125
Agave utahensis,50000,338
Agrostis aequivalvis,50000,211
Agrostis canina,50000,50000
Agrostis clavata,50000,2738
Agrostis perennans,50000,2246
Agrostis stolonifera,50000,50000
Aldrovanda vesiculosa,50000,349
Alectryon macrococcus,50000,0
Aleurites moluccanus,50000,1031
Alisma plantago-aquatica,50000,50000
Alisma subcordatum,50000,621
Alisma triviale,50000,1448
Allium geyeri,50000,1010
Allium schoenoprasum,50000,30343
Allium triquetrum,50000,7288
Allium validum,50000,708
Alnus alnobetula,50000,21557
Alnus glutinosa,50000,50000
Alnus incana,50000,50000
Alnus maritima,50000,90
Alnus nepalensis,50000,650
Alnus oblongifolia,50000,174
Alnus rhombifolia,50000,1139
Alnus rubra,50000,1695
Alnus serrulata,50000,1136
Aloe arborescens,50000,977
Alopecurus aequalis,50000,37864
Alopecurus carolinianus,50000,535
Alopecurus magellanicus,50000,2618
Alphitonia ponderosa,50000,2
Alpinia mutica,50000,50
Alsinidendron lychnoides,50000,0
Alsinidendron obovatum,50000,0
Alsinidendron trinerve,50000,1
Alsinidendron viscosum,50000,0
Alternanthera sessilis,50000,17297
Alvaradoa amorphoides,50000,1255
Amaranthus tuberculatus,50000,1100
Amelanchier alnifolia,50000,5885
Amelanchier arborea,50000,1426
Amelanchier bartramiana,50000,1369
Amelanchier canadensis,50000,609
Amelanchier interior,50000,781
Amelanchier laevis,50000,1450
Amelanchier pallida,50000,63
Amelanchier sanguinea,50000,0
Amelanchier utahensis,50000,1570
Ammannia auriculata,50000,771
Ammannia robusta,50000,733
Amorpha californica,50000,215
Amorpha crenulata,50000,19
Amorpha ouachitensis,50000,21
Amphiscirpus nevadensis,50000,187
Amygdalus andersonii,50000,1
Amygdalus minutiflora,50000,0
Amygdalus texana,50000,0
Amyris balsamifera,50000,228
Amyris elemifera,50000,421
Anacamptis palustris,50000,5144
Andira inermis,50000,1737
Andromeda polifolia,50000,50000
Andropogon virginicus,50000,5340
Angelica atropurpurea,50000,897
Angelica sylvestris,50000,50000
Aniseia martinicensis,50000,1086
Anoectochilus sandvicensis,50000,12
Antidesma platyphyllum,50000,31
Apium graveolens,50000,10594
Aralia humilis,50000,346
Aralia spinosa,50000,1293
Arbutus arizonica,50000,477
Arbutus menziesii,50000,4541
Arctanthemum arcticum,50000,486
Arctophila fulva,50000,1656
Arctostaphylos catalinae,50000,48
Arctostaphylos columbiana,50000,725
Arctostaphylos glauca,50000,1375
Arctostaphylos pringlei,50000,511
Arctostaphylos pungens,50000,2830
Ardisia escallonioides,50000,820
Arethusa bulbosa,50000,719
Argyroxiphium caliginis,50000,0
Argyroxiphium kauense,50000,18
Argyroxiphium sandwicense,50000,182
Ariocarpus fissuratus,50000,127
Aristida purpurea,50000,2070
Artemisia kauaiensis,50000,2
Artemisia tridentata,50000,6018
Arundo donax,50000,31581
Aschisma kansanum,50000,14
Asclepias exaltata,50000,971
Asclepias incarnata,50000,5814
Asimina parviflora,50000,414
Asimina tetramera,50000,9
Asimina triloba,50000,4013
Asparagus aethiopicus,50000,4576
Asphodelus fistulosus,50000,27306
Asplenium dielerectum,50000,13
Asplenium dielfalcatum,50000,6
Asplenium diellaciniatum,50000,0
Asplenium dielmannii,50000,2
Asplenium dielpallidum,50000,20
Asplenium unisorum,50000,1
Astelia argyrocoma,50000,3
Astelia waialealae,50000,1
Aster subulatus,50000,0
Astragalus altus,50000,12
Astragalus calycosus,50000,591
Astragalus castetteri,50000,3
Astragalus cobrensis,50000,33
Astragalus coltonii,50000,144
Astragalus cottamii,50000,1
Astragalus crassicarpus,50000,1503
Astragalus crotalariae,50000,221
Astragalus didymocarpus,50000,745
Astragalus ensiformis,50000,51
Astragalus flexuosus,50000,593
Astragalus geyeri,50000,196
Astragalus harrisonii,50000,14
Astragalus inyoensis,50000,41
Astragalus kolymensis,50000,16
Astragalus lentiginosus,50000,3742
Astragalus leucolobus,50000,138
Astragalus miser,50000,990
Astragalus mollissimus,50000,1384
Astragalus molybdenus,50000,64
Astragalus nuttallianus,50000,1526
Astragalus oophorus,50000,339
Astragalus pachypus,50000,151
Astragalus piutensis,50000,50
Astragalus pubentissimus,50000,67
Astragalus schmolliae,50000,6
Astragalus sinuatus,50000,8
Astragalus sparsiflorus,50000,24
Astragalus tener,50000,104
Astragalus terminalis,50000,28
Astragalus whitneyi,50000,455
Astragalus williamsii,50000,63
Astrophytum asterias,50000,36
Atamisquea emarginata,50000,139
Athyrium haleakalae,50000,2
Avicennia germinans,50000,4603
Azolla microphylla,50000,273
Baccharis dioica,50000,66
Baccharis halimifolia,50000,5333
Bacopa monnieri,50000,2843
Bacopa rotundifolia,50000,332
Baldellia ranunculoides,50000,17704
Baphia massaiensis,50000,413
Baptisia sphaerocarpa,50000,207
Barbarea vulgaris,50000,50000
Bartonia paniculata,50000,140
Basiphyllaea corallicola,50000,1
Bauhinia purpurea,50000,335
Bauhinia variegata,50000,948
Beckmannia syzigachne,50000,2161
Bergerocactus emoryi,50000,455
Berula erecta,50000,50000
Betula alleghaniensis,50000,4655
Betula cordifolia,50000,566
Betula glandulosa,50000,2813
Betula lenta,50000,1168
Betula michauxii,50000,155
Betula murrayana,50000,8
Betula nana,50000,50000
Betula nigra,50000,1424
Betula occidentalis,50000,1056
Betula papyrifera,50000,6451
Betula pendula,50000,50000
Betula populifolia,50000,1572
Betula pubescens,50000,50000
Betula pumila,50000,2034
Bidens amplectens,50000,4
Bidens amplissima,50000,143
Bidens beckii,50000,476
Bidens campylotheca,50000,86
Bidens cernua,50000,50000
Bidens conjuncta,50000,12
Bidens cosmoides,50000,12
Bidens eatonii,50000,125
Bidens forbesii,50000,7
Bidens frondosa,50000,41944
Bidens hyperborea,50000,202
Bidens micrantha,50000,44
Bidens molokaiensis,50000,7
Bidens populifolia,50000,1
Bidens trichosperma,50000,377
Bidens tripartita,50000,50000
Bidens valida,50000,6
Bidens vulgata,50000,805
Bidens wiebkei,50000,10
Bixa orellana,50000,2765
Blyxa aubertii,50000,403
Bobea sandwicensis,50000,4
Bobea timonioides,50000,5
Boehmeria cylindrica,50000,2309
Boisduvalia glabella,50000,28
Bolboschoenus maritimus,50000,50000
Bolboschoenus novae-angliae,50000,14
Boltonia asteroides,50000,480
Bonamia menziesii,50000,12
Borrichia arborescens,50000,405
Bourreria succulenta,50000,717
Brachiaria mutica,50000,3547
Brachiaria reptans,50000,818
Brachiaria subquadripara,50000,232
Brachiaria texana,50000,233
Brasenia schreberi,50000,2049
Brasiliopuntia brasiliensis,50000,374
Brighamia insignis,50000,6
Brighamia rockii,50000,8
Brodiaea minor,50000,91
Brodiaea pallida,50000,11
Bromus suksdorfii,50000,124
Broussonetia papyrifera,50000,4298
Buddleja sessiliflora,50000,931
Bulbostylis capillaris,50000,1802
Bursera fagaroides,50000,2726
Bursera microphylla,50000,1249
Bursera simaruba,50000,7117
Butomus umbellatus,50000,50000
Calamagrostis canadensis,50000,4937
Calamagrostis coarctata,50000,79
Calamagrostis expansa,50000,1
Calamagrostis hillebrandii,50000,0
Calamagrostis inexpansa,50000,459
Calamagrostis lapponica,50000,11570
Calla palustris,50000,36548
Callitriche brutia,50000,25974
Callitriche fassettii,50000,11
Callitriche hermaphroditica,50000,8690
Callitriche heterophylla,50000,1357
Callitriche marginata,50000,249
Callitriche palustris,50000,27406
Callitriche stagnalis,50000,50000
Callitriche stenoptera,50000,5
Callitriche terrestris,50000,196
Calocedrus decurrens,50000,1845
Calopogon multiflorus,50000,56
Calopogon tuberosus,50000,1622
Caltha leptosepala,50000,1680
Caltha natans,50000,316
Calystegia sepium,50000,50000
Campanula aparinoides,50000,1608
Canadanthus modestus,50000,523
Canavalia hawaiiensis,50000,11
Canavalia kauaiensis,50000,3
Canavalia molokaiensis,50000,7
Canavalia napaliensis,50000,9
Canavalia pubescens,50000,3
Canavalia sericea,50000,118
Canotia holacantha,50000,481
Capparis sandwichiana,50000,113
Capsicum annuum,50000,14067
Cardamine bulbosa,50000,993
Cardamine pensylvanica,50000,852
Carex acutiformis,50000,50000
Carex adelostoma,50000,8678
Carex alopecoidea,50000,368
Carex anthoxanthea,50000,230
Carex aperta,50000,150
Carex aquatilis,50000,28433
Carex arapahoensis,50000,63
Carex arcta,50000,574
Carex arctiformis,50000,29
Carex atherodes,50000,1748
Carex atlantica,50000,927
Carex bebbii,50000,1526
Carex bicolor,50000,7344
Carex brunnescens,50000,35102
Carex bulbostylis,50000,60
Carex bullata,50000,200
Carex buxbaumii,50000,9731
Carex canescens,50000,50000
Carex chordorrhiza,50000,27239
Carex comosa,50000,1218
Carex conoidea,50000,478
Carex crinita,50000,1595
Carex cryptolepis,50000,459
Carex cusickii,50000,86
Carex debilis,50000,1380
Carex diandra,50000,21401
Carex digitalis,50000,934
Carex distans,50000,28303
Carex divisa,50000,7225
Carex echinata,50000,50000
Carex emoryi,50000,610
Carex exilis,50000,613
Carex exsiccata,50000,363
Carex extensa,50000,10532
Carex fissa,50000,128
Carex flava,50000,50000
Carex folliculata,50000,812
Carex glareosa,50000,3781
Carex granularis,50000,1695
Carex gynandra,50000,767
Carex gynocrates,50000,723
Carex haydenii,50000,370
Carex heleonastes,50000,3760
Carex holostoma,50000,614
Carex hyalinolepis,50000,348
Carex hystericina,50000,1625
Carex interior,50000,1938
Carex intumescens,50000,3299
Carex kauaiensis,50000,3
Carex lachenalii,50000,11872
Carex lacustris,50000,1238
Carex laeviconica,50000,314
Carex laevivaginata,50000,371
Carex lapponica,50000,1127
Carex lasiocarpa,50000,50000
Carex laxa,50000,1686
Carex lenticularis,50000,922
Carex leptalea,50000,2653
Carex limosa,50000,50000
Carex livida,50000,10438
Carex loliacea,50000,10728
Carex louisianica,50000,184
Carex lupulina,50000,2242
Carex lurida,50000,2391
Carex luzulina,50000,412
Carex lyngbyei,50000,2103
Carex macrochaeta,50000,616
Carex magellanica,50000,37703
Carex marina,50000,518
Carex michauxiana,50000,683
Carex microglochin,50000,4733
Carex nebrascensis,50000,1054
Carex nigra,50000,50000
Carex normalis,50000,860
Carex norvegica,50000,6936
Carex obnupta,50000,905
Carex oederi,50000,50000
Carex oligosperma,50000,1200
Carex paleacea,50000,3824
Carex parryana,50000,163
Carex pauciflora,50000,39098
Carex pedunculata,50000,1414
Carex pellita,50000,2298
Carex pluriflora,50000,339
Carex prairea,50000,248
Carex prasina,50000,514
Carex pseudocyperus,50000,50000
Carex rariflora,50000,6808
Carex retrorsa,50000,1673
Carex rossii,50000,1401
Carex rostrata,50000,50000
Carex rotundata,50000,7488
Carex sartwellii,50000,624
Carex saxatilis,50000,11239
Carex scabrata,50000,865
Carex simulata,50000,367
Carex sterilis,50000,654
Carex stipata,50000,3406
Carex stricta,50000,2462
Carex stylosa,50000,342
Carex subspathacea,50000,1162
Carex tenuiflora,50000,2805
Carex trisperma,50000,1839
Carex tuckermanii,50000,321
Carex unilateralis,50000,119
Carex utriculata,50000,4378
Carex vaginata,50000,46473
Carex vesicaria,50000,50000
Carex vulpina,50000,13012
Carex vulpinoidea,50000,4169
Carex wiegandii,50000,130
Carnegiea gigantea,50000,16991
Carpinus caroliniana,50000,4286
Carya aquatica,50000,284
Carya cordiformis,50000,2461
Carya floridana,50000,92
Carya glabra,50000,1372
Carya illinoinensis,50000,2646
Carya laciniosa,50000,236
Carya myristiciformis,50000,105
Carya ovata,50000,3650
Carya pallida,50000,126
Carya texana,50000,173
Carya tomentosa,50000,864
Casasia clusiifolia,50000,95
Castanea dentata,50000,1845
Castela erecta,50000,840
Castilleja minor,50000,817
Catabrosa aquatica,50000,16613
Catalpa bignonioides,50000,1598
Catalpa speciosa,50000,1267
Catesbaea parviflora,50000,30
Ceanothus thyrsiflorus,50000,975
Ceanothus velutinus,50000,929
Celtis australis,50000,10366
Celtis ehrenbergiana,50000,2282
Celtis iguanaea,50000,3792
Celtis laevigata,50000,3466
Celtis lindheimeri,50000,5
Celtis occidentalis,50000,3806
Cenchrus agrimonioides,50000,11
Cenchrus macrourus,50000,1995
Cenchrus setaceus,50000,7701
Centaurium erythraea,50000,50000
Centaurium pulchellum,50000,34387
Centaurium sebaeoides,50000,0
Centipeda minima,50000,3908
Cephalanthus occidentalis,50000,6772
Cephalanthus salicifolius,50000,309
Cerastium arvense,50000,50000
Ceratophyllum demersum,50000,50000
Ceratopteris cornuta,50000,118
Ceratopteris thalictroides,50000,2787
Cercis canadensis,50000,7207
Cercis chinensis,50000,304
Cercocarpus ledifolius,50000,1062
Cercocarpus montanus,50000,3745
Cercocarpus traskiae,50000,22
Cestrum elegans,50000,480
Chamaecrista absus,50000,1736
Chamaecrista lineata,50000,177
Chamaecrista nictitans,50000,5195
Chamaecyparis lawsoniana,50000,5583
Chamaecyparis thyoides,50000,547
Chamaedaphne calyculata,50000,10941
Chara hydropitys,50000,80
Charpentiera densiflora,50000,4
Charpentiera elliptica,50000,18
Cheirodendron dominii,50000,2
Cheirodendron fauriei,50000,13
Cheirodendron forbesii,50000,4
Chelone glabra,50000,2938
Chenopodium rubrum,50000,0
Chilopsis linearis,50000,2436
Chiococca alba,50000,5267
Chondrosum gracile,50000,130
Chrysobalanus icaco,50000,2629
Chrysodracon aurea,50000,4
Chrysodracon auwahiensis,50000,4
Chrysodracon fernaldii,50000,0
Chrysodracon forbesii,50000,2
Chrysodracon halapepe,50000,0
Chrysodracon hawaiiensis,50000,3
Chrysolepis chrysophylla,50000,738
Chrysosplenium americanum,50000,815
Chrysosplenium rosendahlii,50000,61
Chrysosplenium tetrandrum,50000,1849
Chusquea circinata,50000,108
Cibotium nealiae,50000,7
Cicuta bulbifera,50000,1077
Cicuta douglasii,50000,545
Cicuta maculata,50000,3025
Cicuta virosa,50000,34906
Citharexylum spinosum,50000,402
Cladium mariscoides,50000,941
Cladium mariscus,50000,24052
Claytonia cordifolia,50000,194
Claytonia sarmentosa,50000,429
Claytonia tuberosa,50000,103
Clermontia calophylla,50000,0
Clermontia drepanomorpha,50000,6
Clermontia grandiflora,50000,8
Clermontia hawaiiensis,50000,8
Clermontia lindseyana,50000,17
Clermontia oblongifolia,50000,7
Clermontia peleana,50000,4
Clermontia persicifolia,50000,6
Clermontia pyrularia,50000,3
Clermontia samuelii,50000,7
Clermontia tuberculata,50000,2
Clermontia waimeae,50000,0
Clusia rosea,50000,542
Cnidoscolus urens,50000,2389
Coccoloba diversifolia,50000,489
Coccoloba uvifera,50000,2492
Coleanthus subtilis,50000,535
Colubrina arborescens,50000,598
Colubrina elliptica,50000,622
Colubrina greggii,50000,563
Colubrina oppositifolia,50000,6
Colvillea racemosa,50000,133
Comarum palustre,50000,50000
Commelina benghalensis,50000,3157
Commelina caroliniana,50000,43
Commelina diffusa,50000,5039
Commelina erecta,50000,8546
Condalia hookeri,50000,463
Conocarpus erectus,50000,3748
Consolea corallicola,50000,2
Coprosma cordicarpa,50000,0
Coprosma elliptica,50000,4
Coprosma kauensis,50000,15
Coprosma kawaikiniensis,50000,4
Coprosma waimeae,50000,11
Corallorhiza bentleyi,50000,2
Cordia boissieri,50000,1202
Cordia sebestena,50000,911
Cordyline fruticosa,50000,1332
Coreopsis rosea,50000,105
Cornus alternifolia,50000,2495
Cornus amomum,50000,1960
Cornus drummondii,50000,2221
Cornus florida,50000,4650
Cornus foemina,50000,621
Cornus glabrata,50000,131
Cornus nuttallii,50000,906
Cornus rugosa,50000,1213
Cornus sericea,50000,15319
Cornus sessilis,50000,52
Coronilla valentina,50000,4247
Corylus americana,50000,1689
Corylus avellana,50000,50000
Corylus cornuta,50000,4062
Corymbia citriodora,50000,2781
Corynopuntia aggeria,50000,0
Corynopuntia clavata,50000,15
Corynopuntia emoryi,50000,1
Corynopuntia kunzei,50000,0
Corynopuntia parishiorum,50000,0
Corynopuntia pulchella,50000,0
Corynopuntia schottii,50000,6
Coryphantha difficilis,50000,16
Coryphantha echinus,50000,71
Coryphantha macromeris,50000,307
Coryphantha nickelsiae,50000,31
Coryphantha ramillosa,50000,37
Coryphantha recurvata,50000,53
Coryphantha robustispina,50000,60
Coryphantha sulcata,50000,216
Cotinus obovatus,50000,77
Cottea pappophoroides,50000,361
Coursetia caribaea,50000,1550
Coursetia glandulosa,50000,554
Crataegus aestivalis,50000,54
Crataegus beata,50000,16
Crataegus berberifolia,50000,153
Crataegus brachyacantha,50000,99
Crataegus brainerdii,50000,72
Crataegus calpodendron,50000,455
Crataegus chrysocarpa,50000,1886
Crataegus coccinea,50000,322
Crataegus crus-galli,50000,1796
Crataegus dodgei,50000,91
Crataegus douglasii,50000,1642
Crataegus erythropoda,50000,214
Crataegus holmesiana,50000,199
Crataegus iracunda,50000,126
Crataegus lassa,50000,73
Crataegus macrosperma,50000,869
Crataegus marshallii,50000,524
Crataegus mollis,50000,1834
Crataegus opaca,50000,30
Crataegus phaenopyrum,50000,217
Crataegus pruinosa,50000,509
Crataegus punctata,50000,1776
Crataegus quaesita,50000,58
Crataegus rivularis,50000,309
Crataegus schuettei,50000,111
Crataegus spathulata,50000,217
Crataegus submollis,50000,429
Crataegus succulenta,50000,1060
Crataegus tracyi,50000,60
Crataegus viridis,50000,445
Crossopetalum rhacoma,50000,273
Crotalaria lanceolata,50000,1032
Crotalaria micans,50000,1396
Crotalaria pumila,50000,1922
Crotalaria rotundifolia,50000,629
Croton cortesianus,50000,874
Crypsis alopecuroides,50000,2064
Crypsis schoenoides,50000,0
Cryptocarya mannii,50000,11
Cryptocoryne ciliata,50000,15
Ctenitis squamigera,50000,8
Cucurbita digitata,50000,289
Cucurbita foetidissima,50000,2830
Cucurbita okeechobeensis,50000,221
Cucurbita palmata,50000,800
Cucurbita pepo,50000,7303
Cupania glabra,50000,625
Cupressus arizonica,50000,2967
Cupressus bakeri,50000,127
Cupressus goveniana,50000,288
Cupressus guadalupensis,50000,1787
Cupressus macnabiana,50000,217
Cupressus macrocarpa,50000,2378
Cupressus sargentii,50000,371
Cuscuta gronovii,50000,1372
Cyanea aculeatiflora,50000,1
Cyanea acuminata,50000,13
Cyanea asarifolia,50000,1
Cyanea asplenifolia,50000,8
Cyanea calycina,50000,1
Cyanea copelandii,50000,4
Cyanea coriacea,50000,2
Cyanea crispa,50000,5
Cyanea dunbariae,50000,4
Cyanea fissa,50000,9
Cyanea gibsonii,50000,1
Cyanea glabra,50000,8
Cyanea grimesiana,50000,21
Cyanea habenata,50000,1
Cyanea hamatiflora,50000,7
Cyanea hardyi,50000,0
Cyanea hirtella,50000,28
Cyanea horrida,50000,22
Cyanea humboldtiana,50000,6
Cyanea kahiliensis,50000,4
Cyanea kolekoleensis,50000,0
Cyanea konahuanuiensis,50000,0
Cyanea koolauensis,50000,5
Cyanea kuhihewa,50000,1
Cyanea leptostegia,50000,4
Cyanea lobata,50000,8
Cyanea longiflora,50000,6
Cyanea magnicalyx,50000,3
Cyanea mannii,50000,14
Cyanea marksii,50000,1
Cyanea mceldowneyi,50000,10
Cyanea membranacea,50000,0
Cyanea platyphylla,50000,19
Cyanea procera,50000,2
Cyanea pseudofauriei,50000,3
Cyanea recta,50000,8
Cyanea remyi,50000,13
Cyanea rivularis,50000,4
Cyanea shipmanii,50000,6
Cyanea solenocalyx,50000,6
Cyanea spathulata,50000,7
Cyanea st-johnii,50000,0
Cyanea stictophylla,50000,2
Cyanea tritomantha,50000,7
Cyanea truncata,50000,0
Cyanea undulata,50000,1
Cyclosorus boydiae,50000,3
Cyclosorus interruptus,50000,2521
Cyclosorus wailele,50000,1
Cylindropuntia abyssi,50000,75
Cylindropuntia acanthocarpa,50000,2431
Cylindropuntia arbuscula,50000,317
Cylindropuntia bigelovii,50000,2499
Cylindropuntia californica,50000,740
Cylindropuntia davisii,50000,77
Cylindropuntia echinocarpa,50000,2000
Cylindropuntia fulgida,50000,2699
Cylindropuntia ganderi,50000,1263
Cylindropuntia imbricata,50000,4150
Cylindropuntia kleiniae,50000,266
Cylindropuntia leptocaulis,50000,3533
Cylindropuntia multigeniculata,50000,56
Cylindropuntia munzii,50000,126
Cylindropuntia prolifera,50000,1371
Cylindropuntia ramosissima,50000,1516
Cylindropuntia spinosior,50000,439
Cylindropuntia tunicata,50000,365
Cylindropuntia versicolor,50000,137
Cylindropuntia whipplei,50000,658
Cylindropuntia wolfii,50000,174
Cynodon transvaalensis,50000,90
Cyperus alopecuroides,50000,369
Cyperus alternifolius,50000,1641
Cyperus amabilis,50000,959
Cyperus articulatus,50000,2759
Cyperus compressus,50000,2029
Cyperus cyperoides,50000,2997
Cyperus dentatus,50000,395
Cyperus distans,50000,1829
Cyperus drummondii,50000,30
Cyperus eragrostis,50000,19664
Cyperus erythrorhizos,50000,988
Cyperus flavescens,50000,4330
Cyperus fuscus,50000,20596
Cyperus grayi,50000,133
Cyperus haspan,50000,5590
Cyperus hystricoides,50000,69
Cyperus imbricatus,50000,546
Cyperus iria,50000,4638
Cyperus laevigatus,50000,3688
Cyperus lanceolatus,50000,1256
Cyperus longus,50000,12712
Cyperus macrostachyos,50000,948
Cyperus papyrus,50000,1166
Cyperus pennatiformis,50000,10
Cyperus polystachyos,50000,5217
Cyperus rotundus,50000,10557
Cyperus sesquiflorus,50000,1782
Cyperus squarrosus,50000,3527
Cyperus strigosus,50000,1940
Cypripedium acaule,50000,5310
Cypripedium arietinum,50000,259
Cypripedium californicum,50000,140
Cypripedium candidum,50000,235
Cypripedium fasciculatum,50000,79
Cypripedium guttatum,50000,1194
Cypripedium kentuckiense,50000,21
Cypripedium montanum,50000,358
Cypripedium parviflorum,50000,2950
Cypripedium passerinum,50000,549
Cypripedium reginae,50000,1222
Cypripedium yatabeanum,50000,69
Cyrilla racemiflora,50000,1257
Cyrtandra crenata,50000,0
Cyrtandra cyaneoides,50000,1
Cyrtandra dentata,50000,1
Cyrtandra giffardii,50000,9
Cyrtandra heinrichii,50000,1
Cyrtandra kaulantha,50000,1
Cyrtandra oenobarba,50000,3
Cyrtandra paliku,50000,1
Cyrtandra polyantha,50000,1
Cyrtandra subumbellata,50000,4
Cyrtandra viridiflora,50000,0
Cytisus striatus,50000,3012
Dalea bicolor,50000,1167
Dalea compacta,50000,106
Dalea formosa,50000,1038
Dalea lasiathera,50000,71
Dalea obovata,50000,25
Dalea ornata,50000,115
Dalea sabinalis,50000,0
Dalea scandens,50000,197
Damburneya coriacea,50000,744
Darlingtonia californica,50000,724
Dasylirion wheeleri,50000,960
Daucus pusillus,50000,3013
Decodon verticillatus,50000,1105
Delissea kauaiensis,50000,3
Delissea rhytidosperma,50000,4
Delissea takeuchii,50000,0
Delissea waianaeensis,50000,1
Delonix regia,50000,3475
Dendromecon rigida,50000,1815
Dermatophyllum secundiflorum,50000,1257
Desmodium glutinosum,50000,1609
Desmodium grahamii,50000,403
Desmodium intortum,50000,968
Desmodium lindheimeri,50000,493
Desmodium nuttallii,50000,56
Dichrostachys cinerea,50000,4272
Dicranopteris linearis,50000,5390
Dionaea muscipula,50000,239
Diplazium molokaiense,50000,3
Distichlis spicata,50000,4351
Dodonaea viscosa,50000,38677
Doellingeria umbellata,50000,2930
Donrichardsia macroneuron,50000,3
Dopatrium junceum,50000,228
Doryopteris angelica,50000,3
Downingia elegans,50000,127
Downingia laeta,50000,90
Drosera filiformis,50000,365
Drosera linearis,50000,312
Drosera rotundifolia,50000,50000
Drypetes lateriflora,50000,547
Dubautia arborea,50000,20
Dubautia herbstobatae,50000,1
Dubautia kalalauensis,50000,3
Dubautia kenwoodii,50000,0
Dubautia latifolia,50000,7
Dubautia microcephala,50000,3
Dubautia pauciflorula,50000,3
Dubautia plantaginea,50000,31
Dubautia reticulata,50000,2
Dulichium arundinaceum,50000,1759
Duranta erecta,50000,3371
Ebenopsis ebano,50000,511
Echeandia flavescens,50000,622
Echinocactus horizonthalonius,50000,3785
Echinocactus polycephalus,50000,245
Echinocactus texensis,50000,627
Echinocereus arizonicus,50000,36
Echinocereus berlandieri,50000,27
Echinocereus bonkerae,50000,198
Echinocereus chisosensis,50000,14
Echinocereus coccineus,50000,2059
Echinocereus dasyacanthus,50000,1743
Echinocereus engelmannii,50000,3669
Echinocereus enneacanthus,50000,790
Echinocereus fasciculatus,50000,600
Echinocereus fendleri,50000,428
Echinocereus ledingii,50000,24
Echinocereus nicholii,50000,125
Echinocereus papillosus,50000,7
Echinocereus pectinatus,50000,441
Echinocereus pentalophus,50000,395
Echinocereus poselgeri,50000,58
Echinocereus pseudopectinatus,50000,19
Echinocereus reichenbachii,50000,1105
Echinocereus rigidissimus,50000,292
Echinocereus russanthus,50000,119
Echinocereus santaritensis,50000,167
Echinocereus stramineus,50000,1093
Echinocereus triglochidiatus,50000,1461
Echinocereus viridiflorus,50000,825
Echinochloa crus-galli,50000,50000
Echinochloa crus-pavonis,50000,1573
Echinochloa frumentacea,50000,764
Echinochloa walteri,50000,532
Eclipta prostrata,50000,0
Ehretia anacua,50000,632
Ehrharta stipoides,50000,50000
Elaeagnus angustifolia,50000,4649
Elaeagnus commutata,50000,2003
Elatine ambigua,50000,172
Elatine americana,50000,115
Elatine brachysperma,50000,146
Elatine minima,50000,247
Elatine ojibwayensis,50000,0
Elatine rubella,50000,91
Elatine triandra,50000,3806
Eleocharis acicularis,50000,31643
Eleocharis atropurpurea,50000,578
Eleocharis compressa,50000,455
Eleocharis elliptica,50000,635
Eleocharis erythropoda,50000,1353
Eleocharis flavescens,50000,626
Eleocharis geniculata,50000,3513
Eleocharis intermedia,50000,281
Eleocharis macrostachya,50000,1853
Eleocharis nigrescens,50000,76
Eleocharis obtusa,50000,2015
Eleocharis palustris,50000,50000
Eleocharis quinqueflora,50000,28241
Eleocharis robbinsii,50000,306
Eleocharis rostellata,50000,686
Eleocharis suksdorfiana,50000,94
Eleocharis uniglumis,50000,31492
Eleusine indica,50000,14823
Elodea bifoliata,50000,106
Elodea canadensis,50000,50000
Elodea nuttallii,50000,50000
Elymus elongatus,50000,472
Elymus farctus,50000,5464
Elymus hispidus,50000,1560
Elymus violaceus,50000,7386
Ephedra antisyphilitica,50000,134
Ephedra aspera,50000,1072
Ephedra californica,50000,913
Ephedra coryi,50000,9
Ephedra cutleri,50000,104
Ephedra fasciculata,50000,165
Ephedra funerea,50000,152
Ephedra nevadensis,50000,954
Ephedra pedunculata,50000,69
Ephedra torreyana,50000,577
Ephedra trifurca,50000,815
Ephedra viridis,50000,1253
Epilobium angustifolium,50000,50000
Epilobium ciliatum,50000,50000
Epilobium coloratum,50000,339
Epilobium hirsutum,50000,50000
Epilobium latifolium,50000,3341
Epilobium leptophyllum,50000,988
Epilobium palustre,50000,50000
Epilobium parviflorum,50000,50000
Epilobium strictum,50000,101
Epipactis gigantea,50000,1208
Epithelantha bokei,50000,27
Epithelantha micromeris,50000,300
Equisetum arvense,50000,50000
Equisetum fluviatile,50000,50000
Equisetum giganteum,50000,790
Equisetum hyemale,50000,34323
Equisetum palustre,50000,50000
Equisetum ramosissimum,50000,21304
Equisetum scirpoides,50000,6713
Equisetum telmateia,50000,50000
Eragrostis fosbergii,50000,0
Eragrostis hypnoides,50000,1172
Eragrostis japonica,50000,1379
Eragrostis prolifera,50000,468
Eragrostis silveana,50000,52
Eragrostis unioloides,50000,599
Erica lusitanica,50000,6002
Erigeron elatus,50000,258
Erigeron lonchophyllus,50000,686
Eriocaulon aquaticum,50000,2363
Eriochloa procera,50000,1442
Eriophorum angustifolium,50000,50000
Eriophorum callitrix,50000,233
Eriophorum chamissonis,50000,1432
Eriophorum tenellum,50000,555
Eriophorum vaginatum,50000,50000
Eriophorum virginicum,50000,1535
Eriophorum viridicarinatum,50000,979
Erithalis fruticosa,50000,416
Ernodea littoralis,50000,366
Erythrina flabelliformis,50000,443
Erythrina herbacea,50000,1263
Erythrina sandwicensis,50000,31
Erythrina variegata,50000,628
Erythrostemon phyllanthoides,50000,1
Erythroxylum havanense,50000,436
Escobaria alversonii,50000,165
Escobaria dasyacantha,50000,37
Escobaria duncanii,50000,11
Escobaria emskoetteriana,50000,38
Escobaria hesteri,50000,2
Escobaria minima,50000,1
Escobaria missouriensis,50000,465
Escobaria robbinsorum,50000,0
Escobaria sneedii,50000,201
Escobaria tuberculosa,50000,586
Escobaria vivipara,50000,892
Esenbeckia runyonii,50000,27
Etlingera elatior,50000,600
Eucalyptus bridgesiana,50000,6433
Eucalyptus grandis,50000,2727
Eucalyptus marginata,50000,1405
Eucalyptus pilularis,50000,9001
Eucephalus engelmannii,50000,281
Eugenia axillaris,50000,836
Eugenia confusa,50000,94
Eugenia foetida,50000,431
Eugenia koolauensis,50000,4
Eugenia rhombea,50000,306
Eulophia ecristata,50000,87
Euonymus atropurpureus,50000,753
Euonymus occidentalis,50000,233
Eupatorium maculatum,50000,421
Eupatorium perfoliatum,50000,3758
Euphorbia arnottiana,50000,4
Euphorbia atrococca,50000,8
Euphorbia clusiifolia,50000,6
Euphorbia deppeana,50000,1
Euphorbia eleanoriae,50000,1
Euphorbia haeleeleana,50000,6
Euphorbia halemanui,50000,8
Euphorbia herbstii,50000,6
Euphorbia kuwaleana,50000,2
Euphorbia olowaluana,50000,21
Euphorbia remyi,50000,19
Euphorbia rockii,50000,20
Euphorbia skottsbergii,50000,17
Euphorbia sparsiflora,50000,4
Euphorbia tithymaloides,50000,777
Euphrasia hudsoniana,50000,62
Eurya sandwicensis,50000,15
Eurybia furcata,50000,65
Eurybia radula,50000,337
Euthamia graminifolia,50000,4048
Eutrema edwardsii,50000,1099
Exocarpos gaudichaudii,50000,13
Exocarpos luteolus,50000,5
Exostema caribaeum,50000,832
Exothea paniculata,50000,406
Eysenhardtia orthocarpa,50000,134
Eysenhardtia polystachya,50000,1180
Eysenhardtia texana,50000,477
Fagus grandifolia,50000,11932
Fauria crista-galli,50000,590
Ferocactus cylindraceus,50000,3983
Ferocactus emoryi,50000,335
Ferocactus hamatacanthus,50000,991
Ferocactus wislizeni,50000,3065
Festuca aloha,50000,2
Festuca elmeri,50000,100
Ficus americana,50000,4051
Ficus citrifolia,50000,1828
Ficus microcarpa,50000,2237
Filipendula ulmaria,50000,50000
Fimbristylis autumnalis,50000,1721
Fimbristylis dichotoma,50000,15659
Fimbristylis littoralis,50000,2733
Fimbristylis quinquangularis,50000,1820
Fimbristylis schoenoides,50000,317
Flueggea neowawraea,50000,22
Forestiera acuminata,50000,129
Forestiera angustifolia,50000,318
Frangula californica,50000,4036
Frangula caroliniana,50000,1351
Frangula purshiana,50000,868
Fraxinus americana,50000,4278
Fraxinus anomala,50000,539
Fraxinus berlandieriana,50000,113
Fraxinus caroliniana,50000,291
Fraxinus cuspidata,50000,250
Fraxinus dipetala,50000,594
Fraxinus gooddingii,50000,64
Fraxinus greggii,50000,206
Fraxinus latifolia,50000,606
Fraxinus nigra,50000,1789
Fraxinus pennsylvanica,50000,5270
Fraxinus profunda,50000,209
Fraxinus quadrangulata,50000,442
Fraxinus uhdei,50000,871
Fraxinus velutina,50000,1172
Fremontodendron californicum,50000,758
Fritillaria falcata,50000,14
Fuirena umbellata,50000,3022
Galanthus nivalis,50000,50000
Galeandra bicarinata,50000,0
Galium asprellum,50000,791
Galium labradoricum,50000,582
Galium tinctorium,50000,882
Galium trifidum,50000,9906
Galium triflorum,50000,7264
Galium uliginosum,50000,50000
Gardenia brighamii,50000,22
Gardenia mannii,50000,7
Gardenia remyi,50000,5
Garrya elliptica,50000,631
Garrya flavescens,50000,671
Garrya fremontii,50000,333
Garrya ovata,50000,589
Garrya wrightii,50000,423
Gaultheria hispidula,50000,1645
Gaylussacia bigeloviana,50000,123
Gentiana douglasiana,50000,216
Gentiana rubricaulis,50000,158
Gentiana sceptrum,50000,239
Gentianopsis crinita,50000,626
Gentianopsis detonsa,50000,1417
Gentianopsis virgata,50000,531
Geocaulon lividum,50000,1162
Geothallus tuberosus,50000,7
Geranium arboreum,50000,8
Geranium kauaiense,50000,0
Geranium multiflorum,50000,7
Geum peckii,50000,156
Geum rivale,50000,50000
Gladiolus italicus,50000,7514
Gleditsia aquatica,50000,142
Gleditsia microphylla,50000,1
Gleditsia triacanthos,50000,6032
Gloriosa superba,50000,2424
Glossostigma diandrum,50000,763
Glyceria borealis,50000,1217
Glyceria canadensis,50000,1456
Glyceria fluitans,50000,50000
Glyceria grandis,50000,1694
Glyceria leptostachya,50000,101
Glyceria maxima,50000,50000
Glyceria melicaria,50000,469
Glyceria notata,50000,28902
Glyceria obtusa,50000,350
Glyceria pulchella,50000,130
Glyceria septentrionalis,50000,293
Glyceria striata,50000,5040
Glycyrrhiza lepidota,50000,1850
Gnaphalium palustre,50000,1207
Gordonia lasianthus,50000,293
Gossypium thurberi,50000,248
Gossypium tomentosum,50000,91
Gouania hillebrandii,50000,3
Gouania meyenii,50000,2
Gouania vitifolia,50000,4
Gratiola aurea,50000,123
Gratiola ebracteata,50000,198
Gratiola neglecta,50000,806
Gratiola officinalis,50000,8838
Guaiacum sanctum,50000,1483
Guettarda elliptica,50000,1061
Guettarda scabra,50000,226
Guilandina bonduc,50000,359
Gymnanthes lucida,50000,503
Haematoxylum campechianum,50000,1491
Halesia carolina,50000,253
Halesia diptera,50000,236
Halodule wrightii,50000,11213
Halophila decipiens,50000,50000
Halophila engelmanni,50000,0
Halophila hawaiiana,50000,15
Halophila johnsonii,50000,15
Hamamelis vernalis,50000,215
Hamamelis virginiana,50000,4556
Hamelia patens,50000,6267
Hammarbya paludosa,50000,9759
Harrisia gracilis,50000,8
Havardia pallens,50000,520
Hedysarum alpinum,50000,1325
Helianthus annuus,50000,26855
Helianthus anomalus,50000,72
Helianthus argophyllus,50000,252
Helianthus arizonensis,50000,21
Helianthus atrorubens,50000,156
Helianthus bolanderi,50000,258
Helianthus californicus,50000,256
Helianthus debilis,50000,939
Helianthus decapetalus,50000,713
Helianthus deserticola,50000,74
Helianthus divaricatus,50000,1115
Helianthus exilis,50000,114
Helianthus giganteus,50000,899
Helianthus grosseserratus,50000,701
Helianthus hirsutus,50000,644
Helianthus maximiliani,50000,1909
Helianthus neglectus,50000,106
Helianthus niveus,50000,517
Helianthus nuttallii,50000,704
Helianthus paradoxus,50000,59
Helianthus pauciflorus,50000,1713
Helianthus petiolaris,50000,2324
Helianthus praecox,50000,133
Helianthus resinosus,50000,129
Helianthus salicifolius,50000,237
Helianthus silphioides,50000,84
Helianthus tuberosus,50000,18155
Helictotrichon canescens,50000,25
Helietta parvifolia,50000,311
Heliotropium curassavicum,50000,8612
Hemarthria altissima,50000,841
Heracleum maximum,50000,4360
Hesperomannia arborescens,50000,10
Hesperomannia arbuscula,50000,1
Hesperomannia lydgatei,50000,5
Hesperoyucca newberryi,50000,44
Hesperoyucca whipplei,50000,3961
Heteranthera dubia,50000,730
Heteromeles arbutifolia,50000,7629
Hexalectris revoluta,50000,3
Hexalectris warnockii,50000,55
Hibiscadelphus distans,50000,2
Hibiscadelphus giffardianus,50000,10
Hibiscadelphus hualalaiensis,50000,2
Hibiscadelphus stellatus,50000,8
Hibiscus arnottianus,50000,39
Hibiscus brackenridgei,50000,19
Hibiscus clayi,50000,12
Hibiscus moscheutos,50000,1843
Hibiscus tiliaceus,50000,3212
Hippocrepis comosa,50000,50000
Hippomane mancinella,50000,581
Hippuris lanceolata,50000,999
Hippuris tetraphylla,50000,852
Hippuris vulgaris,50000,39271
Hoffmannseggia repens,50000,41
Hordeum arizonicum,50000,45
Hordeum brachyantherum,50000,2528
Hordeum depressum,50000,578
Hordeum jubatum,50000,9270
Hordeum pusillum,50000,1761
Hydrastis canadensis,50000,565
Hydrilla verticillata,50000,10227
Hydrocharis morsus-ranae,50000,50000
Hydrocotyle americana,50000,1041
Hydrocotyle ranunculoides,50000,6920
Hydrocotyle sibthorpioides,50000,8919
Hydrocotyle umbellata,50000,1191
Hygrophila pinnatifida,50000,0
Hylocereus undatus,50000,673
Hypelate trifoliata,50000,70
Hypericum anagalloides,50000,673
Hypericum boreale,50000,550
Hypericum ellipticum,50000,681
Hypericum majus,50000,651
Ilex ambigua,50000,56
Ilex amelanchier,50000,29
Ilex cassine,50000,670
Ilex collina,50000,6
Ilex coriacea,50000,250
Ilex cuthbertii,50000,1
Ilex decidua,50000,2051
Ilex glabra,50000,1194
Ilex laevigata,50000,168
Ilex longipes,50000,76
Ilex montana,50000,135
Ilex mucronata,50000,1774
Ilex myrtifolia,50000,61
Ilex opaca,50000,5265
Ilex verticillata,50000,4347
Ilex vomitoria,50000,3269
Illicium floridanum,50000,429
Impatiens capensis,50000,16771
Impatiens noli-tangere,50000,50000
Indigofera miniata,50000,1300
Indigofera trita,50000,1497
Inga sertulifera,50000,500
Ipomoea aquatica,50000,2148
Ipomoea cordatotriloba,50000,2539
Ipomoea lacunosa,50000,1236
Ipomoea littoralis,50000,380
Ipomoea tenuissima,50000,26
Ipomoea triloba,50000,3185
Iris brevicaulis,50000,69
Iris lacustris,50000,210
Iris missouriensis,50000,1491
Iris prismatica,50000,38
Iris pseudacorus,50000,50000
Iris versicolor,50000,3152
Iris virginica,50000,900
Isodendrion laurifolium,50000,1
Isodendrion longifolium,50000,2
Isodendrion pyrifolium,50000,1
Isoetes bolanderi,50000,234
Isoetes echinospora,50000,9771
Isoetes engelmannii,50000,207
Isoetes howellii,50000,215
Isoetes lacustris,50000,15411
Isoetes maritima,50000,109
Isoetes nuttallii,50000,218
Isoetes prototypus,50000,13
Isoetes riparia,50000,156
Isoetes tuckermanii,50000,185
Isolepis cernua,50000,11905
Isolepis setacea,50000,31292
Isotria medeoloides,50000,24
Iva xanthifolia,50000,721
Jatropha cinerea,50000,425
Jatropha dioica,50000,924
Jaumea carnosa,50000,606
Juglans californica,50000,1264
Juglans cinerea,50000,2439
Juglans hindsii,50000,694
Juglans major,50000,674
Juglans microcarpa,50000,290
Juglans nigra,50000,5974
Juncus acuminatus,50000,1781
Juncus acutus,50000,13670
Juncus alpinoarticulatus,50000,45610
Juncus anthelatus,50000,243
Juncus articulatus,50000,50000
Juncus balticus,50000,11806
Juncus biglumis,50000,9927
Juncus bolanderi,50000,157
Juncus brachycephalus,50000,271
Juncus brevicaudatus,50000,1582
Juncus bufonius,50000,50000
Juncus bulbosus,50000,50000
Juncus caesariensis,50000,43
Juncus canadensis,50000,531
Juncus compressus,50000,42399
Juncus conglomeratus,50000,50000
Juncus dudleyi,50000,2051
Juncus effusus,50000,50000
Juncus filiformis,50000,50000
Juncus hybridus,50000,10685
Juncus inflexus,50000,50000
Juncus kelloggii,50000,57
Juncus lesueurii,50000,99
Juncus marginatus,50000,1894
Juncus mertensianus,50000,979
Juncus militaris,50000,298
Juncus minutulus,50000,2719
Juncus nodosus,50000,1642
Juncus oxymeris,50000,273
Juncus pelocarpus,50000,985
Juncus stygius,50000,7222
Juncus subcaudatus,50000,154
Juncus subtilis,50000,176
Juncus supiniformis,50000,215
Juncus triglumis,50000,13899
Juniperus arizonica,50000,82
Juniperus ashei,50000,1247
Juniperus californica,50000,2080
Juniperus coahuilensis,50000,351
Juniperus communis,50000,50000
Juniperus deppeana,50000,2624
Juniperus flaccida,50000,1209
Juniperus horizontalis,50000,1543
Juniperus monosperma,50000,845
Juniperus occidentalis,50000,1697
Juniperus osteosperma,50000,2050
Juniperus pinchotii,50000,357
Juniperus scopulorum,50000,1969
Juniperus virginiana,50000,9016
Justicia americana,50000,1111
Kadua cookiana,50000,6
Kadua cordata,50000,23
Kadua coriacea,50000,2
Kadua degeneri,50000,3
Kadua flynnii,50000,7
Kadua haupuensis,50000,8
Kadua laxiflora,50000,1
Kadua parvula,50000,6
Kadua st-johnii,50000,0
Kalmia latifolia,50000,3538
Kalmia microphylla,50000,1088
Kalmia polifolia,50000,1871
Kanaloa kahoolawensis,50000,0
Karwinskia humboldtiana,50000,1942
Kobresia simpliciuscula,50000,2603
Koeberlinia spinosa,50000,1101
Koenigia islandica,50000,5132
Kokia drynarioides,50000,9
Kokia kauaiensis,50000,1
Kosteletzkya pentacarpos,50000,1260
Krugiodendron ferreum,50000,701
Kyllinga brevifolia,50000,0
Kyllinga bulbosa,50000,0
Labordia cyrtandrae,50000,1
Labordia helleri,50000,20
Labordia hirtella,50000,23
Labordia hosakana,50000,0
Labordia kaalae,50000,1
Labordia lorenceana,50000,0
Labordia lydgatei,50000,8
Labordia triflora,50000,2
Lachnanthes caroliana,50000,76
Lackeya multiflora,50000,48
Laguncularia racemosa,50000,3647
Landoltia punctata,50000,1541
Larix laricina,50000,4389
Larix lyallii,50000,171
Larix occidentalis,50000,394
Lasiacis divaricata,50000,1661
Lasthenia glaberrima,50000,153
Lathyrus angulatus,50000,3943
Lathyrus aphaca,50000,19271
Lathyrus cicera,50000,0
Lathyrus hirsutus,50000,11268
Lathyrus japonicus,50000,11307
Lathyrus latifolius,50000,35372
Lathyrus palustris,50000,21246
Lathyrus rotundifolius,50000,494
Lathyrus sphaericus,50000,7787
Lathyrus sylvestris,50000,37614
Lathyrus tingitanus,50000,2365
Leersia hexandra,50000,4925
Leersia oryzoides,50000,20956
Leersia virginica,50000,871
Leitneria floridana,50000,97
Lemna aequinoctialis,50000,2148
Lemna gibba,50000,50000
Lemna minor,50000,50000
Lemna minuta,50000,14441
Lemna perpusilla,50000,222
Lemna trisulca,50000,50000
Lemna turionifera,50000,3694
Lepidium arbuscula,50000,0
Lepidium orbiculare,50000,0
Lepidium serra,50000,5
Lepidospartum squamatum,50000,897
Leptecophylla tameiameiae,50000,384
Leptochloa panicea,50000,1134
Lespedeza cuneata,50000,3517
Lespedeza hirta,50000,623
Lespedeza thunbergii,50000,1391
Leucaena pulverulenta,50000,270
Leucaena retusa,50000,130
Leucojum aestivum,50000,4145
Licaria triandra,50000,926
Ligustrum lucidum,50000,7690
Lilaeopsis occidentalis,50000,155
Limbella fryei,50000,12
Limnophila indica,50000,119
Limosella acaulis,50000,211
Limosella aquatica,50000,15061
Lindera benzoin,50000,3710
Lindernia dubia,50000,8077
Lipocarpha maculata,50000,29
Lipocarpha micrantha,50000,542
Liquidambar styraciflua,50000,9323
Liriodendron tulipifera,50000,9368
Littorella uniflora,50000,0
Lobelia cardinalis,50000,5696
Lobelia dortmanna,50000,22389
Lobelia gaudichaudii,50000,0
Lobelia kalmii,50000,1429
Lobelia koolauensis,50000,1
Lobelia monostachya,50000,1
Lobelia niihauensis,50000,10
Lobelia oahuensis,50000,1
Lobelia siphilitica,50000,3498
Lobelia spicata,50000,1620
Lomatogonium rotatum,50000,804
Lonicera caerulea,50000,8618
Lonicera oblongifolia,50000,409
Lophophora williamsii,50000,232
Lotus aboriginus,50000,20
Lotus nuttallianus,50000,40
Ludwigia alternifolia,50000,1093
Ludwigia leptocarpa,50000,1701
Ludwigia octovalvis,50000,10135
Ludwigia palustris,50000,10943
Ludwigia polycarpa,50000,175
Lupinus abramsii,50000,21
Lupinus argenteus,50000,4960
Lupinus breweri,50000,438
Lupinus diffusus,50000,325
Lupinus grayi,50000,169
Lupinus kingii,50000,336
Lupinus microcarpus,50000,2845
Lupinus nootkatensis,50000,2174
Lupinus obtusilobus,50000,110
Lupinus peirsonii,50000,63
Lupinus rivularis,50000,509
Lupinus texensis,50000,3446
Lupinus variicolor,50000,227
Lupinus westianus,50000,25
Luzula wahlenbergii,50000,2622
Lycopodiella appressa,50000,401
Lycopodiella inundata,50000,30120
Lycopus americanus,50000,2863
Lycopus asper,50000,443
Lycopus europaeus,50000,50000
Lycopus rubellus,50000,371
Lycopus uniflorus,50000,2540
Lycopus virginicus,50000,612
Lysichiton americanus,50000,5754
Lysiloma latisiliquum,50000,1185
Lysiloma watsonii,50000,140
Lysimachia ciliata,50000,3511
Lysimachia daphnoides,50000,11
Lysimachia glutinosa,50000,12
Lysimachia hybrida,50000,419
Lysimachia iniki,50000,0
Lysimachia kalalauensis,50000,14
Lysimachia lydgatei,50000,5
Lysimachia maritima,50000,50000
Lysimachia maxima,50000,5
Lysimachia ovoidea,50000,2
Lysimachia pendens,50000,3
Lysimachia punctata,50000,24860
Lysimachia scopulensis,50000,2
Lysimachia terrestris,50000,2266
Lysimachia thyrsiflora,50000,50000
Lysimachia venosa,50000,1
Lysimachia vulgaris,50000,50000
Lythrum alatum,50000,1459
Lythrum hyssopifolia,50000,23976
Lythrum junceum,50000,4861
Lythrum portula,50000,40841
Lythrum salicaria,50000,50000
Maackia amurensis,50000,762
Maclura pomifera,50000,3857
Magnolia acuminata,50000,507
Magnolia fraseri,50000,377
Magnolia grandiflora,50000,2139
Magnolia macrophylla,50000,579
Magnolia tripetala,50000,749
Magnolia virginiana,50000,975
Malaxis bayardii,50000,12
Malaxis brachystachys,50000,113
Malaxis wendtii,50000,8
Malpighia glabra,50000,2458
Malus angustifolia,50000,310
Malus coronaria,50000,562
Malus fusca,50000,1124
Malus ioensis,50000,409
Mammillaria dioica,50000,1482
Mammillaria grahamii,50000,1667
Mammillaria heyderi,50000,796
Mammillaria lasiacantha,50000,240
Mammillaria mainiae,50000,33
Mammillaria pottsii,50000,136
Mammillaria prolifera,50000,199
Mammillaria sphaerica,50000,37
Mammillaria tetrancistra,50000,614
Mammillaria thornberi,50000,12
Mammillaria wrightii,50000,22
Manihot angustiloba,50000,315
Manihot davisiae,50000,68
Manihot walkerae,50000,30
Manilkara jaimiqui,50000,96
Marina orcuttii,50000,104
Marina parryi,50000,1102
Marsilea minuta,50000,231
Marsilea quadrifolia,50000,3870
Marsilea villosa,50000,13
Maytenus phyllanthoides,50000,405
Melanthera fauriei,50000,2
Melanthera kamolensis,50000,22
Melanthera micrantha,50000,0
Melanthera tenuifolia,50000,1
Melanthera waimeaensis,50000,3
Melicope adscendens,50000,3
Melicope balloui,50000,5
Melicope christophersenii,50000,1
Melicope cinerea,50000,2
Melicope degeneri,50000,14
Melicope haupuensis,50000,6
Melicope hawaiensis,50000,25
Melicope kaalaensis,50000,0
Melicope knudsenii,50000,6
Melicope lydgatei,50000,0
Melicope makahae,50000,1
Melicope mucronulata,50000,2
Melicope oppenheimeri,50000,2
Melicope orbicularis,50000,8
Melicope ovalis,50000,1
Melicope pallida,50000,3
Melicope puberula,50000,4
Melicope quadrangularis,50000,1
Melicope reflexa,50000,0
Melicope saint-johnii,50000,0
Melicope sandwicensis,50000,3
Melicope waialealae,50000,8
Melicope wawraeana,50000,13
Melicope zahlbruckneri,50000,1
Melochia pyramidata,50000,2807
Mentha arvensis,50000,50000
Mentha pulegium,50000,50000
Mentha spicata,50000,19816
Mentha suaveolens,50000,50000
Menyanthes trifoliata,50000,50000
Metrosideros macropus,50000,7
Metrosideros rugosa,50000,9
Metrosideros tremuloides,50000,7
Metrosideros waialealae,50000,19
Mezoneuron kavaiense,50000,5
Microseris borealis,50000,164
Mimosa aculeaticarpa,50000,1630
Mimosa quadrivalvis,50000,2389
Mimosa wherryana,50000,5
Mimulus alatus,50000,553
Mimulus alsinoides,50000,29
Mimulus dentatus,50000,30
Mimulus floribundus,50000,450
Mimulus glabratus,50000,1252
Mimulus guttatus,50000,0
Mimulus lewisii,50000,327
Mimulus moschatus,50000,1450
Mimulus ringens,50000,2567
Mimulus tilingii,50000,205
Minuartia pusilla,50000,0
Montia chamissoi,50000,621
Montia fontana,50000,47385
Montia parvifolia,50000,821
Morella californica,50000,792
Morella cerifera,50000,3876
Morella pensylvanica,50000,1219
Morinda royoc,50000,906
Morinda trimera,50000,9
Morus microphylla,50000,358
Morus rubra,50000,1406
Muhlenbergia arenicola,50000,436
Muhlenbergia glomerata,50000,933
Muhlenbergia spiciformis,50000,260
Muhlenbergia uniflora,50000,505
Myosurus apetalus,50000,222
Myrcianthes fragrans,50000,1096
Myrica gale,50000,50000
Myriophyllum alterniflorum,50000,35524
Myriophyllum farwellii,50000,205
Myriophyllum heterophyllum,50000,1559
Myriophyllum hippuroides,50000,144
Myriophyllum humile,50000,251
Myriophyllum pinnatum,50000,204
Myriophyllum quitense,50000,366
Myriophyllum sibiricum,50000,6230
Myriophyllum spicatum,50000,50000
Myriophyllum tenellum,50000,507
Myriophyllum ussuriense,50000,176
Myriophyllum verticillatum,50000,15770
Myrsine cubana,50000,212
Myrsine degeneri,50000,1
Myrsine fernseei,50000,1
Myrsine fosbergii,50000,5
Myrsine juddii,50000,1
Myrsine knudsenii,50000,4
Myrsine linearifolia,50000,16
Myrsine mezii,50000,0
Myrsine petiolata,50000,3
Najas flexilis,50000,2742
Najas gracillima,50000,276
Najas guadalupensis,50000,1679
Najas marina,50000,16063
Najas minor,50000,4314
Nasturtium officinale,50000,50000
Navarretia leucocephala,50000,430
Nechamandra alternifolia,50000,32
Nelumbo lutea,50000,1194
Neobeckia aquatica,50000,37
Neolloydia conoidea,50000,360
Neonotonia wightii,50000,1331
Neottia cordata,50000,35875
Neptunia plena,50000,863
Neraudia angulata,50000,1
Neraudia kauaiensis,50000,6
Neraudia melastomifolia,50000,13
Neraudia ovata,50000,10
Neraudia sericea,50000,3
Nerium oleander,50000,44775
Nesoluma polynesicum,50000,3
Nitella flexilis,50000,7349
Nitella oligospira,50000,45
Nolina bigelovii,50000,393
Nothocestrum breviflorum,50000,12
Nothocestrum latifolium,50000,6
Nothocestrum longifolium,50000,27
Nothocestrum peltatum,50000,14
Notholithocarpus densiflorus,50000,1994
Nototrichium humile,50000,8
Nuphar pumila,50000,4678
Nymphaea leibergii,50000,72
Nymphaea loriana,50000,0
Nymphaea odorata,50000,4540
Nymphaea tetragona,50000,2267
Nymphoides cordata,50000,424
Nymphoides parvifolia,50000,193
Nymphoides peltata,50000,19998
Nyssa aquatica,50000,205
Nyssa ogeche,50000,99
Nyssa sylvatica,50000,2275
Ochrosia haleakalae,50000,2
Ochrosia kauaiensis,50000,3
Ochrosia kilaueaensis,50000,0
Oclemena nemoralis,50000,705
Oeceoclades maculata,50000,1739
Oemleria cerasiformis,50000,2148
Oenanthe aquatica,50000,50000
Oenanthe sarmentosa,50000,778
Olneya tesota,50000,1676
Oncidium ensatum,50000,74
Onoclea sensibilis,50000,12985
Opuntia abjecta,50000,5
Opuntia atrispina,50000,32
Opuntia aurea,50000,159
Opuntia aureispina,50000,28
Opuntia basilaris,50000,4002
Opuntia chlorotica,50000,986
Opuntia engelmannii,50000,5255
Opuntia fragilis,50000,872
Opuntia humifusa,50000,2559
Opuntia littoralis,50000,1171
Opuntia macrocentra,50000,760
Opuntia macrorhiza,50000,1052
Opuntia oricola,50000,191
Opuntia phaeacantha,50000,2564
Opuntia pinkavae,50000,102
Opuntia polyacantha,50000,3651
Opuntia pottsii,50000,106
Opuntia pusilla,50000,154
Opuntia robusta,50000,1874
Opuntia rufida,50000,304
Opuntia stricta,50000,23454
Opuntia strigil,50000,13
Oryza nivara,50000,4151
Osmunda regalis,50000,50000
Ostrya knowltonii,50000,106
Ostrya virginiana,50000,5023
Ottelia alismoides,50000,466
Oxydendrum arboreum,50000,846
Oxypolis occidentalis,50000,102
Oxypolis rigidior,50000,661
Oxyrhynchus volubilis,50000,58
Oxytropis lambertii,50000,1629
Ozobryum ogalalense,50000,10
Pachycereus schottii,50000,811
Pandanus tectorius,50000,1086
Panicum acuminatum,50000,7335
Panicum niihauense,50000,2
Panicum scabriusculum,50000,333
Panicum strigosum,50000,237
Parkinsonia aculeata,50000,37574
Parkinsonia florida,50000,1213
Parnassia fimbriata,50000,522
Parnassia glauca,50000,768
Parnassia kotzebuei,50000,657
Parnassia palustris,50000,50000
Paspalidium geminatum,50000,157
Paspalum conjugatum,50000,5311
Paspalum distichum,50000,18490
Paspalum pleostachyum,50000,72
Paspalum repens,50000,662
Paspalum scrobiculatum,50000,6989
Paspalum vaginatum,50000,3996
Pavonia paludicola,50000,165
Pavonia spinifex,50000,165
Pedicularis furbishiae,50000,10
Pedicularis groenlandica,50000,1736
Pedicularis labradorica,50000,967
Pedicularis lanceolata,50000,504
Pedicularis palustris,50000,50000
Pedicularis parviflora,50000,250
Pedicularis sudetica,50000,1521
Pediocactus bradyi,50000,3
Pediocactus despainii,50000,3
Pediocactus knowltonii,50000,2
Pediocactus nigrispinus,50000,45
Pediocactus paradinei,50000,0
Pediocactus peeblesianus,50000,0
Pediocactus sileri,50000,0
Pediocactus simpsonii,50000,364
Pediocactus winkleri,50000,1
Pediomelum aromaticum,50000,55
Peltandra virginica,50000,1165
Peltophorum africanum,50000,566
Peniocereus greggii,50000,211
Peniocereus striatus,50000,207
Penthorum sedoides,50000,1506
Pentodon pentandrus,50000,992
Pereskia aculeata,50000,618
Peristylus holochila,50000,3
Persea borbonia,50000,338
Persicaria amphibia,50000,50000
Persicaria arifolia,50000,741
Persicaria hydropiper,50000,50000
Persicaria hydropiperoides,50000,4832
Persicaria lapathifolia,50000,50000
Persicaria maculosa,50000,50000
Persicaria robustior,50000,137
Persicaria sagittata,50000,3461
Petasites frigidus,50000,9654
Peucephyllum schottii,50000,1129
Phalaris arundinacea,50000,50000
Phaseolus acutifolius,50000,2320
Phaseolus angustissimus,50000,685
Phaseolus filiformis,50000,1275
Phaseolus leptostachyus,50000,1580
Phaseolus maculatus,50000,493
Phaseolus parvulus,50000,323
Phaseolus polystachios,50000,677
Phaseolus ritensis,50000,372
Phaseolus scabrellus,50000,9
Philodendron gloriosum,50000,23
Phippsia algida,50000,2985
Phlegmariurus nutans,50000,7
Phleum alpinum,50000,41115
Phragmites australis,50000,50000
Phyla lanceolata,50000,1034
Phyla nodiflora,50000,10188
Phyllospadix scouleri,50000,730
Phyllospadix serrulatus,50000,107
Phyllospadix torreyi,50000,636
Phyllostegia electra,50000,19
Phyllostegia haliakalae,50000,1
Phyllostegia helleri,50000,1
Phyllostegia hirsuta,50000,13
Phyllostegia hispida,50000,2
Phyllostegia kaalaensis,50000,0
Phyllostegia kahiliensis,50000,0
Phyllostegia knudsenii,50000,1
Phyllostegia mannii,50000,5
Phyllostegia mollis,50000,17
Phyllostegia parviflora,50000,7
Phyllostegia pilosa,50000,2
Phyllostegia renovans,50000,11
Phyllostegia waimeae,50000,13
Phyllostegia warshaueri,50000,7
Phyllostegia wawrana,50000,3
Physalis acutifolia,50000,359
Physalis angulata,50000,4733
Physalis caudella,50000,37
Physalis cinerascens,50000,578
Physalis cordata,50000,237
Physalis crassifolia,50000,2124
Physalis hederifolia,50000,1556
Physalis lagascae,50000,1020
Physalis latiphysa,50000,5
Physalis lobata,50000,81
Physalis pubescens,50000,2148
Physalis solanaceus,50000,0
Physalis virginiana,50000,466
Physostegia ledinghamii,50000,14
Physostegia parviflora,50000,88
Picea breweriana,50000,195
Picea engelmannii,50000,911
Picea glauca,50000,6100
Picea mariana,50000,2641
Picea pungens,50000,3213
Picea rubens,50000,1864
Picea sitchensis,50000,36704
Picramnia pentandra,50000,196
Pilea fontana,50000,157
Pilosocereus polygonus,50000,18
Pimenta dioica,50000,992
Pinckneya bracteata,50000,80
Pinguicula macroceras,50000,240
Pinguicula villosa,50000,4075
Pinguicula vulgaris,50000,50000
Pinus albicaulis,50000,771
Pinus aristata,50000,330
Pinus arizonica,50000,976
Pinus attenuata,50000,352
Pinus balfouriana,50000,204
Pinus banksiana,50000,2369
Pinus cembroides,50000,1562
Pinus clausa,50000,274
Pinus contorta,50000,9203
Pinus coulteri,50000,653
Pinus echinata,50000,722
Pinus edulis,50000,1612
Pinus elliottii,50000,1146
Pinus engelmannii,50000,470
Pinus flexilis,50000,1193
Pinus glabra,50000,231
Pinus jeffreyi,50000,930
Pinus lambertiana,50000,826
Pinus leiophylla,50000,3329
Pinus longaeva,50000,504
Pinus monophylla,50000,1952
Pinus monticola,50000,696
Pinus muricata,50000,564
Pinus palustris,50000,1523
Pinus ponderosa,50000,9127
Pinus pungens,50000,221
Pinus quadrifolia,50000,356
Pinus radiata,50000,28196
Pinus remota,50000,108
Pinus resinosa,50000,2071
Pinus rigida,50000,2552
Pinus sabiniana,50000,767
Pinus serotina,50000,182
Pinus strobiformis,50000,554
Pinus strobus,50000,20277
Pinus taeda,50000,1735
Pinus torreyana,50000,505
Pinus virginiana,50000,993
Piper aduncum,50000,5474
Piscidia piscipula,50000,1075
Pisonia aculeata,50000,2906
Pisonia wagneriana,50000,8
Pistia stratiotes,50000,11272
Pittosporum gayanum,50000,8
Pittosporum napaliense,50000,12
Pittosporum terminalioides,50000,18
Planera aquatica,50000,129
Plantago bigelovii,50000,65
Plantago cordata,50000,122
Plantago eriopoda,50000,259
Plantago hawaiensis,50000,2
Plantago macrocarpa,50000,144
Plantago major,50000,50000
Plantago maritima,50000,50000
Platanthera blephariglottis,50000,690
Platanthera chapmanii,50000,42
Platanthera chorisiana,50000,152
Platanthera clavellata,50000,5922
Platanthera huronensis,50000,879
Platanthera hyperborea,50000,2665
Platanthera integrilabia,50000,9
Platanthera leucophaea,50000,161
Platanthera praeclara,50000,76
Platanthera tipuloides,50000,322
Platanthera yadonii,50000,20
Platanthera yosemitensis,50000,1
Platanthera zothecina,50000,12
Platanus occidentalis,50000,7124
Platydesma remyi,50000,2
Platydesma rostrata,50000,2
Pleuropogon refractus,50000,135
Pleuropogon sabinei,50000,354
Pleurozia gigantea,50000,69
Pluchea carolinensis,50000,1509
Plumeria obtusa,50000,480
Poa angustifolia,50000,43107
Poa annua,50000,50000
Poa bolanderi,50000,259
Poa hartzii,50000,551
Poa leptocoma,50000,449
Poa mannii,50000,3
Poa palustris,50000,50000
Poa pratensis,50000,50000
Poa reflexa,50000,324
Poa siphonoglossa,50000,5
Podostemum ceratophyllum,50000,193
Pogonia ophioglossoides,50000,1543
Polemonium acutiflorum,50000,3930
Polemonium pulcherrimum,50000,1884
Polemonium viscosum,50000,679
Polygonum argyrocoleon,50000,106
Polygonum plebeium,50000,0
Polygonum punctatum,50000,0
Polypogon monspeliensis,50000,16424
Polypogon viridis,50000,13783
Polyscias bisattenuata,50000,5
Polyscias flynnii,50000,11
Polyscias gymnocarpa,50000,6
Polyscias racemosa,50000,12
Polyscias sandwicensis,50000,15
Polyscias waialealae,50000,6
Polyscias waimeae,50000,10
Pomaria jamesii,50000,378
Pongamia pinnata,50000,1890
Populus angustifolia,50000,1819
Populus balsamifera,50000,18211
Populus deltoides,50000,6592
Populus grandidentata,50000,2325
Populus heterophylla,50000,144
Populus tremuloides,50000,7728
Portulaca sclerocarpa,50000,6
Potamogeton alpinus,50000,23360
Potamogeton amplifolius,50000,912
Potamogeton berchtoldii,50000,27542
Potamogeton bicupulatus,50000,347
Potamogeton confervoides,50000,210
Potamogeton crispus,50000,49850
Potamogeton epihydrus,50000,1746
Potamogeton foliosus,50000,1709
Potamogeton friesii,50000,9573
Potamogeton gramineus,50000,22943
Potamogeton hillii,50000,136
Potamogeton natans,50000,50000
Potamogeton oakesianus,50000,306
Potamogeton obtusifolius,50000,15635
Potamogeton ogdenii,50000,16
Potamogeton perfoliatus,50000,50000
Potamogeton polygonifolius,50000,50000
Potamogeton praelongus,50000,6460
Potamogeton pulcher,50000,239
Potamogeton pusillus,50000,44215
Potamogeton richardsonii,50000,1276
Potamogeton robbinsii,50000,468
Potamogeton spirillus,50000,585
Potamogeton strictifolius,50000,178
Potamogeton subsibiricus,50000,80
Potamogeton vaseyi,50000,163
Potentilla anserina,50000,50000
Potentilla diversifolia,50000,1555
Potentilla drummondii,50000,859
Potentilla norvegica,50000,28080
Potentilla rivalis,50000,330
Potentilla supina,50000,10807
Primula cuneifolia,50000,526
Primula egaliksensis,50000,261
Primula incana,50000,206
Primula mistassinica,50000,794
Primula stricta,50000,2259
Pritchardia affinis,50000,3
Pritchardia aylmer-robinsonii,50000,0
Pritchardia elliptica,50000,0
Pritchardia flynnii,50000,0
Pritchardia forbesiana,50000,2
Pritchardia glabrata,50000,7
Pritchardia hardyi,50000,0
Pritchardia kaalae,50000,1
Pritchardia lanigera,50000,0
Pritchardia limahuliensis,50000,0
Pritchardia lowreyana,50000,1
Pritchardia martii,50000,16
Pritchardia minor,50000,3
Pritchardia munroi,50000,6
Pritchardia napaliensis,50000,4
Pritchardia perlmanii,50000,0
Pritchardia remota,50000,3
Pritchardia schattaueri,50000,0
Pritchardia viscosa,50000,0
Pritchardia waialealeana,50000,2
Proserpinaca intermedia,50000,20
Proserpinaca palustris,50000,693
Proserpinaca pectinata,50000,205
Prosopis glandulosa,50000,6321
Prosopis pubescens,50000,519
Prosopis velutina,50000,1245
Prunella vulgaris,50000,50000
Prunus americana,50000,1595
Prunus angustifolia,50000,586
Prunus besseyi,50000,20
Prunus caroliniana,50000,1204
Prunus emarginata,50000,1783
Prunus gracilis,50000,84
Prunus harvardii,50000,0
Prunus hortulana,50000,145
Prunus maritima,50000,365
Prunus mexicana,50000,872
Prunus munsoniana,50000,125
Prunus murrayana,50000,10
Prunus pensylvanica,50000,2532
Prunus rivularis,50000,223
Prunus serotina,50000,50000
Prunus subcordata,50000,344
Prunus umbellata,50000,255
Pseudotsuga macrocarpa,50000,427
Pseudotsuga menziesii,50000,46439
Psidium guajava,50000,8510
Psilocarphus brevissimus,50000,561
Psilocarphus tenellus,50000,614
Psoralea esculenta,50000,721
Psoralea reverchonii,50000,7
Psorothamnus spinosus,50000,1108
Psorothamnus thompsoniae,50000,50
Psychotria grandiflora,50000,4
Psychotria greenwelliae,50000,18
Psychotria hobdyi,50000,6
Psychotria ligustrifolia,50000,65
Psychotria nervosa,50000,1436
Psydrax odorata,50000,2992
Ptelea trifoliata,50000,3365
Pteralyxia kauaiensis,50000,14
Pteralyxia macrocarpa,50000,3
Pteris lidgatei,50000,0
Pteris vittata,50000,4195
Puccinellia angustata,50000,968
Puccinellia arctica,50000,345
Puccinellia nuttalliana,50000,1224
Pulicaria arabica,50000,193
Purshia stansburiana,50000,1103
Pycreus bipartitus,50000,29
Pyrus communis,50000,50000
Quadrella cynophallophora,50000,220
Quercus acerifolia,50000,28
Quercus agrifolia,50000,6641
Quercus ajoensis,50000,30
Quercus alba,50000,6745
Quercus arizonica,50000,511
Quercus arkansana,50000,114
Quercus austrina,50000,79
Quercus berberidifolia,50000,1205
Quercus bicolor,50000,1359
Quercus boyntonii,50000,14
Quercus buckleyi,50000,283
Quercus carmenensis,50000,2
Quercus cedrosensis,50000,196
Quercus cerris,50000,9898
Quercus chapmanii,50000,155
Quercus chihuahuensis,50000,377
Quercus chrysolepis,50000,2337
Quercus coccinea,50000,1025
Quercus cornelius-mulleri,50000,479
Quercus depressipes,50000,122
Quercus douglasii,50000,1108
Quercus dumosa,50000,526
Quercus durata,50000,949
Quercus ellipsoidalis,50000,631
Quercus emoryi,50000,846
Quercus engelmannii,50000,689
Quercus falcata,50000,1573
Quercus fusiformis,50000,950
Quercus gambelii,50000,2153
Quercus garryana,50000,3025
Quercus geminata,50000,436
Quercus georgiana,50000,22
Quercus graciliformis,50000,8
Quercus gravesii,50000,186
Quercus grisea,50000,1085
Quercus havardii,50000,220
Quercus hemisphaerica,50000,166
Quercus hinckleyi,50000,7
Quercus hypoleucoides,50000,479
Quercus ilicifolia,50000,808
Quercus imbricaria,50000,582
Quercus incana,50000,275
Quercus inopina,50000,42
Quercus intricata,50000,99
Quercus john-tuckeri,50000,253
Quercus kelloggii,50000,2357
Quercus laceyi,50000,192
Quercus laevis,50000,434
Quercus laurifolia,50000,389
Quercus lobata,50000,2225
Quercus lyrata,50000,374
Quercus macdonaldii,50000,58
Quercus macrocarpa,50000,4833
Quercus margarettae,50000,203
Quercus marilandica,50000,1928
Quercus michauxii,50000,851
Quercus minima,50000,137
Quercus mohriana,50000,128
Quercus montana,50000,1523
Quercus muehlenbergii,50000,1924
Quercus myrtifolia,50000,233
Quercus nigra,50000,2557
Quercus oblongifolia,50000,297
Quercus oglethorpensis,50000,19
Quercus pacifica,50000,170
Quercus pagoda,50000,405
Quercus palmeri,50000,373
Quercus palustris,50000,2979
Quercus parvula,50000,373
Quercus phellos,50000,1781
Quercus polymorpha,50000,832
Quercus prinoides,50000,566
Quercus pumila,50000,138
Quercus pungens,50000,257
Quercus robusta,50000,10
Quercus rubra,50000,50000
Quercus rugosa,50000,2450
Quercus sadleriana,50000,206
Quercus shumardii,50000,972
Quercus similis,50000,44
Quercus sinuata,50000,339
Quercus stellata,50000,2529
Quercus tardifolia,50000,1
Quercus texana,50000,184
Quercus tomentella,50000,263
Quercus toumeyi,50000,171
Quercus turbinella,50000,1308
Quercus vacciniifolia,50000,506
Quercus vaseyana,50000,117
Quercus velutina,50000,2379
Quercus viminea,50000,328
Quercus virginiana,50000,1365
Quercus wislizeni,50000,1298
Randia aculeata,50000,2060
Randia obcordata,50000,297
Ranunculus allenii,50000,96
Ranunculus ambigens,50000,73
Ranunculus aquatilis,50000,36982
Ranunculus cymbalaria,50000,1440
Ranunculus flabellaris,50000,151
Ranunculus flammula,50000,50000
Ranunculus gmelinii,50000,1403
Ranunculus hederaceus,50000,13544
Ranunculus hispidus,50000,1683
Ranunculus hyperboreus,50000,3655
Ranunculus lobbii,50000,63
Ranunculus macounii,50000,734
Ranunculus reptans,50000,20219
Ranunculus sceleratus,50000,50000
Ranunculus trichophyllus,50000,27285
Remya kauaiensis,50000,11
Remya montgomeryi,50000,1
Rhexia virginica,50000,904
Rhipsalis baccifera,50000,2481
Rhizophora mangle,50000,7700
Rhododendron catawbiense,50000,575
Rhododendron macrophyllum,50000,610
Rhododendron maximum,50000,1503
Rhodomyrtus tomentosa,50000,704
Rhus copallinum,50000,0
Rhus glabra,50000,4345
Rhus integrifolia,50000,3674
Rhus microphylla,50000,903
Rhus ovata,50000,2888
Rhus typhina,50000,15884
Rhus virens,50000,1252
Rhynchosia minima,50000,7751
Rhynchosia senna,50000,857
Rhynchospora alba,50000,48497
Rhynchospora capillacea,50000,289
Rhynchospora capitellata,50000,816
Rhynchospora fusca,50000,17949
Rhynchospora macrostachya,50000,257
Rhynchospora rugosa,50000,2118
Ribes glandulosum,50000,1602
Robinia hispida,50000,430
Robinia neomexicana,50000,639
Robinia pseudoacacia,50000,50000
Rorippa austriaca,50000,5038
Rorippa curvisiliqua,50000,1739
Rorippa islandica,50000,11849
Rorippa microphylla,50000,2182
Rorippa sylvestris,50000,50000
Rosa acicularis,50000,9001
Rosa palustris,50000,1156
Rotala indica,50000,1170
Rotala ramosior,50000,946
Rubus arcticus,50000,26031
Rubus chamaemorus,50000,50000
Rubus pedatus,50000,1085
Rubus pubescens,50000,2459
Rumex britannica,50000,273
Rumex occidentalis,50000,700
Ruppia maritima,50000,10107
Sabal mexicana,50000,461
Sabal minor,50000,1289
Sabatia kennedyana,50000,77
Sadleria wagneriana,50000,2
Sagittaria brevirostra,50000,228
Sagittaria cristata,50000,161
Sagittaria cuneata,50000,1332
Sagittaria graminea,50000,798
Sagittaria latifolia,50000,4950
Sagittaria rigida,50000,445
Salicornia rubra,50000,324
Salix alaxensis,50000,1383
Salix alba,50000,0
Salix amygdaloides,50000,2055
Salix arbusculoides,50000,1019
Salix athabascensis,50000,330
Salix barclayi,50000,1500
Salix bebbiana,50000,6799
Salix bonplandiana,50000,1222
Salix candida,50000,1269
Salix caroliniana,50000,789
Salix cinerea,50000,50000
Salix commutata,50000,575
Salix discolor,50000,3900
Salix eriocephala,50000,2348
Salix exigua,50000,4692
Salix farriae,50000,135
Salix floridana,50000,17
Salix geyeriana,50000,955
Salix glauca,50000,27600
Salix gooddingii,50000,1751
Salix hookeriana,50000,263
Salix interior,50000,2120
Salix lanata,50000,9646
Salix lasiolepis,50000,3780
Salix ligulifolia,50000,380
Salix lucida,50000,3971
Salix lutea,50000,532
Salix maccalliana,50000,213
Salix melanopsis,50000,648
Salix monticola,50000,804
Salix myricoides,50000,476
Salix myrtillifolia,50000,788
Salix nigra,50000,3479
Salix pedicellaris,50000,1080
Salix pellita,50000,355
Salix petiolaris,50000,1380
Salix planifolia,50000,2579
Salix prolixa,50000,592
Salix pseudomyrsinites,50000,217
Salix pyrifolia,50000,1134
Salix raupii,50000,18
Salix richardsonii,50000,985
Salix scouleriana,50000,628
Salix sericea,50000,641
Salix serissima,50000,612
Salix sessilifolia,50000,215
Salix sitchensis,50000,1516
Salix taxifolia,50000,589
Sambucus racemosa,50000,50000
Samolus valerandi,50000,36000
Sanguisorba officinalis,50000,50000
Sanicula mariversa,50000,3
Sanicula purpurea,50000,5
Santalum freycinetianum,50000,112
Santalum paniculatum,50000,31
Sapindus oahuensis,50000,15
Sapindus saponaria,50000,4675
Sarcobatus vermiculatus,50000,1066
Sarracenia alata,50000,674
Sarracenia flava,50000,626
Sarracenia leucophylla,50000,369
Sarracenia minor,50000,410
Sarracenia oreophila,50000,7
Sarracenia psittacina,50000,266
Sassafras albidum,50000,6968
Saururus cernuus,50000,1925
Saxifraga foliolosa,50000,847
Saxifraga hirculus,50000,7240
Scheuchzeria palustris,50000,26430
Schiedea adamantis,50000,5
Schiedea apokremnos,50000,9
Schiedea attenuata,50000,0
Schiedea haleakalensis,50000,0
Schiedea helleri,50000,9
Schiedea hookeri,50000,8
Schiedea kaalae,50000,5
Schiedea kauaiensis,50000,1
Schiedea kealiae,50000,9
Schiedea lychnoides,50000,4
Schiedea lydgatei,50000,1
Schiedea mannii,50000,0
Schiedea membranacea,50000,2
Schiedea nuttallii,50000,11
Schiedea perlmanii,50000,1
Schiedea sarmentosa,50000,8
Schiedea spergulina,50000,11
Schiedea stellarioides,50000,29
Schiedea verticillata,50000,1
Schiedea viscosa,50000,11
Schizaea pusilla,50000,185
Schizostachyum glaucifolium,50000,62
Schoenoplectiella mucronata,50000,1775
Schoenoplectiella purshiana,50000,339
Schoenoplectiella saximontana,50000,92
Schoenoplectiella smithii,50000,355
Schoenoplectus acutus,50000,1998
Schoenoplectus americanus,50000,1469
Schoenoplectus heterochaetus,50000,146
Schoenoplectus subterminalis,50000,526
Schoenoplectus tabernaemontani,50000,39566
Schoenoplectus torreyi,50000,246
Schoenoplectus triqueter,50000,4796
Schoenus nigricans,50000,33837
Schoepfia schreberi,50000,890
Scirpus ancistrochaetus,50000,2
Scirpus atrocinctus,50000,982
Scirpus atrovirens,50000,1594
Scirpus cyperinus,50000,2448
Scirpus expansus,50000,127
Scirpus georgianus,50000,451
Scirpus hattorianus,50000,516
Scirpus longii,50000,25
Scirpus microcarpus,50000,2217
Scirpus pallidus,50000,370
Scirpus pedicellatus,50000,277
Scirpus pendulus,50000,923
Scleria distans,50000,1271
Scleria lithosperma,50000,1099
Scleria reticularis,50000,377
Scleria triglomerata,50000,666
Scleria verticillata,50000,358
Sclerocactus brevihamatus,50000,50
Sclerocactus brevispinus,50000,1
Sclerocactus erectocentrus,50000,58
Sclerocactus glaucus,50000,15
Sclerocactus intertextus,50000,154
Sclerocactus johnsonii,50000,120
Sclerocactus mariposensis,50000,13
Sclerocactus mesae-verdae,50000,4
Sclerocactus nyensis,50000,13
Sclerocactus papyracanthus,50000,2
Sclerocactus parviflorus,50000,168
Sclerocactus polyancistrus,50000,46
Sclerocactus pubispinus,50000,12
Sclerocactus scheeri,50000,110
Sclerocactus sileri,50000,0
Sclerocactus spinosior,50000,4
Sclerocactus uncinatus,50000,341
Sclerocactus warnockii,50000,41
Sclerocactus wetlandicus,50000,0
Sclerocactus whipplei,50000,20
Sclerocactus wrightiae,50000,3
Scolochloa festucacea,50000,50000
Scrophularia umbrosa,50000,27447
Scutellaria galericulata,50000,50000
Scutellaria lateriflora,50000,1752
Selenicereus grandiflorus,50000,269
Selenicereus spinulosus,50000,140
Senecio hydrophilus,50000,232
Senegalia berlandieri,50000,780
Senegalia greggii,50000,2223
Senegalia roemeriana,50000,145
Senna obtusifolia,50000,7570
Senna pendula,50000,5241
Sequoia sempervirens,50000,4470
Sequoiadendron giganteum,50000,2246
Sesbania drummondii,50000,679
Setaria parviflora,50000,13036
Setaria setosa,50000,99
Shepherdia argentea,50000,520
Sidalcea hendersonii,50000,137
Sideroxylon celastrinum,50000,579
Sideroxylon lycioides,50000,107
Silene alexandri,50000,0
Silene perlmanii,50000,0
Silene vulgaris,50000,50000
Simarouba glauca,50000,533
Sium suave,50000,2176
Solanum bahamense,50000,559
Solanum incompletum,50000,4
Solanum jamesii,50000,1590
Solanum stoloniferum,50000,5613
Solidago houghtonii,50000,90
Solidago latissimifolia,50000,210
Solidago ohioensis,50000,612
Solidago patula,50000,415
Solidago riddellii,50000,560
Solidago uliginosa,50000,2114
Sonchus palustris,50000,12940
Sophora affinis,50000,563
Sophora gypsophila,50000,5
Sophora nuttalliana,50000,667
Sorbus americana,50000,1403
Sorbus decora,50000,766
Sorbus scopulina,50000,745
Sorbus sitchensis,50000,561
Sparganium americanum,50000,1004
Sparganium androcladum,50000,178
Sparganium angustifolium,50000,22163
Sparganium emersum,50000,50000
Sparganium erectum,50000,50000
Sparganium eurycarpum,50000,1162
Sparganium fluctuans,50000,364
Sparganium glomeratum,50000,3886
Sparganium hyperboreum,50000,5376
Sparganium natans,50000,27029
Spartina alterniflora,50000,827
Spartina gracilis,50000,0
Spartina pectinata,50000,1340
Spathodea campanulata,50000,2150
Spergularia bocconei,50000,4168
Spergularia marina,50000,35207
Spermacoce tetraquetra,50000,196
Sphaerocarpos drewei,50000,8
Sphaerophysa salsula,50000,325
Sphenoclea zeylanica,50000,1416
Spiranthes brevilabris,50000,19
Spiranthes casei,50000,165
Spiranthes delitescens,50000,0
Spiranthes diluvialis,50000,20
Spiranthes infernalis,50000,9
Spiranthes parksii,50000,11
Spiranthes romanzoffiana,50000,2991
Spiranthes torta,50000,105
Spirodela polyrhiza,50000,50000
Sporobolus coahuilensis,50000,10
Stachys palustris,50000,50000
Staphylea trifolia,50000,1704
Stellaria calycantha,50000,751
Stellaria humifusa,50000,1329
Stenocereus thurberi,50000,1102
Stenogyne bifida,50000,6
Stenogyne campanulata,50000,0
Stenogyne kanehoana,50000,4
Stenogyne kealiae,50000,1
Stewartia malacodendron,50000,179
Stewartia ovata,50000,87
Stictocardia tiliifolia,50000,334
Stipa kingii,50000,8
Stipa scribneri,50000,121
Strumpfia maritima,50000,165
Stuckenia filiformis,50000,9641
Stuckenia pectinata,50000,50000
Stuckenia vaginata,50000,1053
Styrax americanus,50000,243
Styrax grandifolius,50000,0
Subularia aquatica,50000,11817
Suriana maritima,50000,1126
Swietenia mahagoni,50000,304
Symphyotrichum anticostense,50000,99
Symphyotrichum boreale,50000,966
Symphyotrichum ciliatum,50000,509
Symphyotrichum lanceolatum,50000,13097
Symphyotrichum nahanniense,50000,4
Symphyotrichum praealtum,50000,684
Symphyotrichum puniceum,50000,2093
Symplocarpus foetidus,50000,6808
Symplocos tinctoria,50000,599
Syringodium filiforme,50000,6874
Syrmatium tomentosum,50000,566
Tabebuia heterophylla,50000,414
Tabernaemontana alba,50000,1636
Takakia ceratophylla,50000,114
Tamarix ramosissima,50000,3635
Taxodium distichum,50000,5232
Taxodium mucronatum,50000,1419
Taxus brevifolia,50000,980
Taxus canadensis,50000,2000
Taxus floridana,50000,32
Tecoma stans,50000,6570
Tephrosia angustissima,50000,0
Tephrosia onobrychoides,50000,110
Tephrosia seminole,50000,0
Tetramolopium capillare,50000,0
Tetramolopium rockii,50000,6
Tetrazygia bicolor,50000,181
Thalassia testudinum,50000,27387
Thelocactus bicolor,50000,311
Thelocactus setispinus,50000,176
Thelypteris palustris,50000,42151
Thermopsis montana,50000,1008
Thespesia populnea,50000,1474
Thuja occidentalis,50000,7401
Thuja plicata,50000,5496
Tilia americana,50000,5440
Tillandsia fasciculata,50000,1871
Tillandsia ionantha,50000,426
Tillandsia usneoides,50000,5652
Torreya californica,50000,540
Torreya taxifolia,50000,243
Torreyochloa pallida,50000,1284
Toxicodendron vernix,50000,884
Tradescantia occidentalis,50000,1009
Trapa natans,50000,6895
Trema cannabinum,50000,0
Trema lamarckiana,50000,135
Trema micranthum,50000,0
Trema tomentosum,50000,0
Trematolobelia kauaiensis,50000,8
Trematolobelia singularis,50000,2
Triadenum fraseri,50000,787
Triadenum virginicum,50000,728
Triadica sebifera,50000,4068
Trichophorum alpinum,50000,33189
Trichophorum caespitosum,50000,22588
Trichophorum clintonii,50000,121
Trichostigma octandrum,50000,680
Trientalis borealis,50000,866
Trifolium amabile,50000,1125
Trifolium bejariense,50000,16
Trifolium ciliolatum,50000,544
Trifolium gymnocarpon,50000,159
Trifolium parryi,50000,310
Trifolium pratense,50000,50000
Trifolium subterraneum,50000,21203
Triglochin maritima,50000,50000
Triglochin scilloides,50000,746
Triphora amazonica,50000,4
Triphora craigheadii,50000,1
Triphora yucatanensis,50000,7
Tripidium ravennae,50000,1855
Tripsacum lanceolatum,50000,443
Triumfetta semitriloba,50000,2001
Trixis inula,50000,2266
Trollius laxus,50000,640
Tsuga canadensis,50000,10695
Tsuga caroliniana,50000,193
Tsuga heterophylla,50000,5267
Tsuga mertensiana,50000,926
Typha angustifolia,50000,50000
Typha domingensis,50000,13318
Typha latifolia,50000,50000
Ulex europaeus,50000,50000
Ulmus alata,50000,1022
Ulmus americana,50000,4901
Ulmus crassifolia,50000,1797
Ulmus glabra,50000,50000
Ulmus rubra,50000,1574
Ulmus serotina,50000,47
Ulmus thomasii,50000,981
Umbellularia californica,50000,4406
Urera kaalae,50000,2
Urtica dioica,50000,50000
Utricularia amethystina,50000,515
Utricularia cornuta,50000,1171
Utricularia floridana,50000,17
Utricularia foliosa,50000,1221
Utricularia geminiscapa,50000,299
Utricularia gibba,50000,3612
Utricularia intermedia,50000,23051
Utricularia juncea,50000,344
Utricularia ochroleuca,50000,2169
Utricularia olivacea,50000,28
Utricularia purpurea,50000,637
Utricularia radiata,50000,316
Utricularia resupinata,50000,156
Utricularia striata,50000,41
Utricularia subulata,50000,1510
Vaccinium arboreum,50000,1497
Vaccinium macrocarpon,50000,0
Vaccinium oxycoccos,50000,50000
Vaccinium vitis-idaea,50000,50000
Vachellia constricta,50000,774
Vachellia farnesiana,50000,13713
Vachellia macracantha,50000,727
Valeriana dioica,50000,50000
Valeriana uliginosa,50000,231
Vallesia glabra,50000,856
Vallisneria americana,50000,1302
Varronia bullata,50000,226
Ventenata dubia,50000,947
Veronica americana,50000,2753
Veronica catenata,50000,22150
Veronica peregrina,50000,13219
Veronica scutellata,50000,50000
Veronica serpyllifolia,50000,50000
Viburnum lentago,50000,1972
Viburnum nudum,50000,2199
Viburnum prunifolium,50000,1059
Viburnum recognitum,50000,413
Viburnum rufidulum,50000,1423
Vicia lathyroides,50000,21923
Vicia leucophaea,50000,24
Vicia menziesii,50000,4
Vicia minutiflora,50000,69
Vicia ocalensis,50000,3
Vicia tenuifolia,50000,22052
Vigna luteola,50000,3505
Viola chamissoniana,50000,21
Viola helenae,50000,1
Viola lanceolata,50000,1077
Viola macloskeyi,50000,1740
Viola nephrophylla,50000,690
Viola oahuensis,50000,2
Viola obliqua,50000,39
Viola palustris,50000,50000
Viola renifolia,50000,777
Vulpia octoflora,50000,2863
Washingtonia filifera,50000,1390
Wikstroemia bicornuta,50000,6
Wikstroemia skottsbergiana,50000,1
Wikstroemia villosa,50000,2
Wilkesia gymnoxiphium,50000,23
Wilkesia hobdyi,50000,0
Wolffia borealis,50000,173
Wolffia brasiliensis,50000,343
Wolffia columbiana,50000,713
Woodwardia areolata,50000,1355
Woodwardia virginica,50000,1120
Xanthocyparis nootkatensis,50000,795
Ximenia americana,50000,3818
Xylosma crenatum,50000,5
Xylosma flexuosa,50000,0
Xyris difformis,50000,525
Xyris elliottii,50000,185
Xyris montana,50000,288
Yucca baccata,50000,1780
Yucca baileyi,50000,170
Yucca faxoniana,50000,333
Yucca filamentosa,50000,1318
Yucca glauca,50000,1292
Yucca nana,50000,0
Yucca necopina,50000,98
Yucca pallida,50000,241
Yucca reverchonii,50000,16
Yucca rupicola,50000,625
Zamia integrifolia,50000,381
Zannichellia palustris,50000,40951
Zanthoxylum americanum,50000,1455
Zanthoxylum clava-herculis,50000,1483
Zanthoxylum dipetalum,50000,15
Zanthoxylum fagara,50000,2731
Zanthoxylum flavum,50000,93
Zanthoxylum hawaiiense,50000,8
Zanthoxylum kauaense,50000,34
Zanthoxylum oahuense,50000,0
Zapoteca formosa,50000,1950
Zeuxine strateumatica,50000,373
Zingiber zerumbet,50000,392
Zizania aquatica,50000,1283
Zizania palustris,50000,399
Ziziphus celata,50000,0
Zostera asiatica,50000,2
Zostera japonica,50000,164
Zostera marina,50000,29693